<?xml version="1.0" encoding="UTF-8"?>
<project-private xmlns="http://www.netbeans.org/ns/project-private/1">
    <editor-bookmarks xmlns="http://www.netbeans.org/ns/editor-bookmarks/2" lastBookmarkId="0"/>
    <open-files xmlns="http://www.netbeans.org/ns/projectui-open-files/2">
        <group>
            <file>file:/C:/Users/jo/Documents/NetBeansProjects/DBP_board/web/modify.jsp</file>
            <file>file:/C:/Users/jo/Documents/NetBeansProjects/DBP_board/web/listboard.jsp</file>
            <file>file:/C:/Users/jo/Documents/NetBeansProjects/DBP_board/web/write.jsp</file>
        </group>
    </open-files>
</project-private>
